mMbp-exon_01,gcctgtctttgaaggtgt
mMbp-exon_02,gaagctcgtcggactctg
mMbp-exon_03,tggggtcttcttggatgg
mMbp-exon_04,gtgagggtctcttctgtg
mMbp-exon_05,tggccaggtacttggatc
mMbp-exon_06,gcatggtccatggtactt
mMbp-exon_07,ctgtgccttgggaggaag
mMbp-exon_08,aagaagcgcccgatggag
mMbp-exon_09,ctgctttagccagggtac
mMbp-exon_10,gcatgagagggcagaggg
mMbp-exon_11,tgtacatgtggcacagcc
mMbp-exon_12,cagggagccataatgggt
mMbp-exon_13,gttttcatcttgggtccg
mMbp-exon_14,gaggtggtgttcgaggtg
mMbp-exon_15,atctgctgagggacaggc
mMbp-exon_16,tagccaaatcctggcttc
mMbp-exon_17,atagtcggaagctctgcc
mMbp-exon_18,ttgaatcccttgtgagcc
mMbp-exon_19,tttggaaagcgtgccctg
mMbp-exon_20,atgggagatccagagcgg
mMbp-exon_21,gagggcaggattcgggaa
mMbp-exon_22,gggtctgctctaactagc
mMbp-exon_23,cggctccacgggattaag
mMbp-exon_24,gttttaaccagtcggggt
mMbp-exon_25,gtcagggctgagaagacc
mMbp-exon_26,acctccggagtcgaacaa
mMbp-exon_27,cttggaagggtgtccgtg
mMbp-exon_28,acggaagctggaggggtg
mMbp-exon_29,ccaagactgtctgatcct
mMbp-exon_30,aagcccccgttgtataag
mMbp-exon_31,ccacgctcgaaatcagct
mMbp-exon_32,cagcgtgttctcctaagt
mMbp-exon_33,atttggcggccacacata
mMbp-exon_34,ggagccactgaggagaga
mMbp-exon_35,cctgggctctgagaggaa
mMbp-exon_36,caccatgagaagtggcca
mMbp-exon_37,tgtaccaatgggcactgc
mMbp-exon_38,ctttctaggaggcaggga
mMbp-exon_39,cccccctaaagctaagaa
mMbp-exon_40,gcagcgactcgattcagt
mMbp-exon_41,gtgtggggctctttggaa
mMbp-exon_42,acatcaaccatcacctgc
mMbp-exon_43,acccacactctactcaga
mMbp-exon_44,accctcacgttattgtgg
mMbp-exon_45,aaacactcccgtgggaca
mMbp-exon_46,ggtcgttcagtcacactg
mMbp-exon_47,gtctggacgaagccatgg
mMbp-exon_48,tagtaggtgcttctgtcc
mMobp-exon_01,aggttcctgtggatagcg
mMobp-exon_02,gcgagtaatggctgttgt
mMobp-exon_03,ggcaaccagaactctggt
mMobp-exon_04,ctgggttttcatccgtgc
mMobp-exon_05,ccttggccattttctgac
mMobp-exon_06,tggttcttggagagcctg
mMobp-exon_07,tgctgaagtgctcggaga
mMobp-exon_08,tgaagggtgggcagcagt
mMobp-exon_09,cacgcttggagttgagga
mMobp-exon_10,tgtacttgcggtccacga
mMobp-exon_11,aagcaaccgctcttgcag
mMobp-exon_12,tagtcttctggcaggcac
mMobp-exon_13,tctgaggggacgtggcac
mMobp-exon_14,cagctggctggtgcttgg
mMobp-exon_15,ctctgaccaccactgggg
mMobp-exon_16,ggactttggcttggctgg
mMobp-exon_17,tggcttggctggcatcag
mMobp-exon_18,attggcacagacacagcc
mMobp-exon_19,ttagtgacttccagtcct
mMobp-exon_20,ggtggttaaggaggctca
mMobp-exon_21,ctatgtctctctgaggca
mMobp-exon_22,aaatcgagcatcgggtcc
mMobp-exon_23,agatgcgtcaggagggtc
mMobp-exon_24,gtttgctgagtggctgta
mMobp-exon_25,tccccagtacagcatatg
mMobp-exon_26,gtctctttttggtactca
mMobp-exon_27,acagtacatcagggccag
mMobp-exon_28,gcatggcagtactggagt
mMobp-exon_29,ccatgggcataaacaccc
mMobp-exon_30,gctggaaagttcccagtt
mMobp-exon_31,ttctccagtttgctcact
mMobp-exon_32,taagttcctctctggcca
mMobp-exon_33,acccgaggtagagcagat
mMobp-exon_34,acttcttccttggggttg
mMobp-exon_35,caagaagtcccttctcgg
mMobp-exon_36,caggcagaggctgtccat
mMobp-exon_37,ttgcgggaagcagtgagt
mMobp-exon_38,attcgtctgagagcagat
mMobp-exon_39,cctgcatcatacttgagg
mMobp-exon_40,ttacatcagcaggcgtcc
mMobp-exon_41,gactgagggcatctgtgg
mMobp-exon_42,ctaaggctcccacaccat
mMobp-exon_43,tctcacctccaggaaggc
mMobp-exon_44,gtacgacacgaagagccc
mMobp-exon_45,ggctccagatgaaaccaa
mMobp-exon_46,tgcacctgccagagagaa
mMobp-exon_47,ttgccaaagaccctgagg
mMobp-exon_48,gtgtggattagctctgca