probe_id,sequence
ZsGreen_pos_HCRB3_01,tataaccagcaggacacgagttcttTTCCACTCAACTTTAACCCg
ZsGreen_pos_HCRB3_03,tactggtatgatcttctcgcaggatTTCCACTCAACTTTAACCCg
ZsGreen_pos_HCRB3_05,caaatttatgtccatcgacgcacccTTCCACTCAACTTTAACCCg
ZsGreen_pos_HCRB3_07,ccttcgaccacacacagattaatagTTCCACTCAACTTTAACCCg
ZsGreen_pos_HCRB3_09,ctgtttccgtacataaaggcagctgTTCCACTCAACTTTAACCCg
ZsGreen_pos_HCRB3_11,aattggcaccgtaaacgcccaccatTTCCACTCAACTTTAACCCg
ZsGreen_pos_HCRB3_13,atgaagtgccagtccggcatctttcTTCCACTCAACTTTAACCCg
ZsGreen_pos_HCRB3_15,caatgcagatccggatgcaatagcaTTCCACTCAACTTTAACCCg
ZsGreen_pos_HCRB3_02,gTCCCTgCCTCTATATCTTTaatagtcagctatgtcttgaggata
ZsGreen_pos_HCRB3_04,gTCCCTgCCTCTATATCTTTctcccagttatctgtcatctttttc
ZsGreen_pos_HCRB3_06,gTCCCTgCCTCTATATCTTTccatacggtatttcattgtcatttc
ZsGreen_pos_HCRB3_08,gTCCCTgCCTCTATATCTTTtgtttccctttgaacggatatccaa
ZsGreen_pos_HCRB3_10,gTCCCTgCCTCTATATCTTTaatatgtcttcggcaaatggcaatg
ZsGreen_pos_HCRB3_12,gTCCCTgCCTCTATATCTTTttcagaaggaggtacatggagacat
ZsGreen_pos_HCRB3_14,gTCCCTgCCTCTATATCTTTggcacagactttgctttgtaaactg
ZsGreen_pos_HCRB3_16,gTCCCTgCCTCTATATCTTTttctgtcagatgccatttctgattc
ZsGreen_neg_HCRB3_01,gaaatggcatctgacagaacatgctTTCCACTCAACTTTAACCCg
ZsGreen_neg_HCRB3_03,tggcacttcatccagcataagctcaTTCCACTCAACTTTAACCCg
ZsGreen_neg_HCRB3_05,tgaaggatggtgggcgtttacggtgTTCCACTCAACTTTAACCCg
ZsGreen_neg_HCRB3_07,ctgggagccatcctgcgagaagatcTTCCACTCAACTTTAACCCg
ZsGreen_neg_HCRB3_09,ctgctggttatacatgggacaggtcTTCCACTCAACTTTAACCCg
ZsGreen_neg_HCRB3_11,gctgcctttatgtacggaaacagggTTCCACTCAACTTTAACCCg
ZsGreen_neg_HCRB3_13,ttaatctgtgtgtggtcgaaggtggTTCCACTCAACTTTAACCCg
ZsGreen_neg_HCRB3_02,gTCCCTgCCTCTATATCTTTtgcatccggatctgcattgccctga
ZsGreen_neg_HCRB3_04,gTCCCTgCCTCTATATCTTTcgtgaagaccgcagcgatgctaaga
ZsGreen_neg_HCRB3_06,gTCCCTgCCTCTATATCTTTaattcgacacagtttacaaagcaaa
ZsGreen_neg_HCRB3_08,gTCCCTgCCTCTATATCTTTaccagtacctaagcaggggatattg
ZsGreen_neg_HCRB3_10,gTCCCTgCCTCTATATCTTTttctctttgaggatggagcagtttg
ZsGreen_neg_HCRB3_12,gTCCCTgCCTCTATATCTTTttcactgaatatcctcaagacatag
ZsGreen_neg_HCRB3_14,gTCCCTgCCTCTATATCTTTcattgccatttgccgaagacatatt
mCherry_pos_HCRB1_01,catgtgcaccttgaagcgcatgaacTAgAAgAgTCTTCCTTTACg
mCherry_pos_HCRB1_03,ggtgcttcacgtaggccttggagccTAgAAgAgTCTTCCTTTACg
mCherry_pos_HCRB1_05,gaagttcatcacgcgctcccacttgTAgAAgAgTCTTCCTTTACg
mCherry_pos_HCRB1_07,cttcaccttgtagatgaactcgccgTAgAAgAgTCTTCCTTTACg
mCherry_pos_HCRB1_09,atgttgacgttgtaggcgccgggcaTAgAAgAgTCTTCCTTTACg
mCherry_pos_HCRB1_11,ttcgtactgttccacgatggtgtagTAgAAgAgTCTTCCTTTACg
mCherry_pos_HCRB1_02,gAggAgggCAgCAAACggAActtgatgatggccatgttatcctcc
mCherry_pos_HCRB1_04,gAggAgggCAgCAAACggAAacatgaactgaggggacaggatgtc
mCherry_pos_HCRB1_06,gAggAgggCAgCAAACggAAgccctcggggaaggacagcttcaag
mCherry_pos_HCRB1_08,gAggAgggCAgCAAACggAActgcagggaggagtcctgggtcacg
mCherry_pos_HCRB1_10,gAggAgggCAgCAAACggAAtgcacgggcttcttggccttgtagg
mCherry_pos_HCRB1_12,gAggAgggCAgCAAACggAActcgttgtgggaggtgatgtccaac
mCherry_neg_HCRB1_01,cgtgacccaggactcctccctgcagTAgAAgAgTCTTCCTTTACg
mCherry_neg_HCRB1_03,tggaacagtacgaacgcgccgagggTAgAAgAgTCTTCCTTTACg
mCherry_neg_HCRB1_05,tacaacgtcaacatcaagttggacaTAgAAgAgTCTTCCTTTACg
mCherry_neg_HCRB1_07,cactacgacgctgaggtcaagaccaTAgAAgAgTCTTCCTTTACg
mCherry_neg_HCRB1_09,cccgaggacggcgccctgaagggcgTAgAAgAgTCTTCCTTTACg
mCherry_neg_HCRB1_11,tcaaggtgcacatggagggctccgtTAgAAgAgTCTTCCTTTACg
mCherry_neg_HCRB1_13,atggtgagcaagggcgaggaggataTAgAAgAgTCTTCCTTTACg
mCherry_neg_HCRB1_02,gAggAgggCAgCAAACggAAcggcgagttcatctacaaggtgaag
mCherry_neg_HCRB1_04,gAggAgggCAgCAAACggAAgccactccaccggcggcatggacga
mCherry_neg_HCRB1_06,gAggAgggCAgCAAACggAAacctcccacaacgaggactacacca
mCherry_neg_HCRB1_08,gAggAgggCAgCAAACggAAtacaaggccaagaagcccgtgcagc
mCherry_neg_HCRB1_10,gAggAgggCAgCAAACggAAatcaagcagaggctgaagctgaagg
mCherry_neg_HCRB1_12,gAggAgggCAgCAAACggAAacggccacgagttcgagatcgaggg
mCherry_neg_HCRB1_14,gAggAgggCAgCAAACggAAatggccatcatcaaggagttcatgc
