probe_name,sequence
Ccr1_CDS_01,tagttgtggggtaggctt
Ccr1_CDS_02,gtccccatagtcaaattc
Ccr1_CDS_03,gtcttttggcatggagtg
Ccr1_CDS_04,ccccaaaggctcttacag
Ccr1_CDS_05,gagaatacagggggggca
Ccr1_CDS_06,ccaccactccaatgatga
Ccr1_CDS_07,gcaccagaatcactagga
Ccr1_CDS_08,tttgaagcctcctatgct
Ccr1_CDS_09,acaggtagatgctggtca
Ccr1_CDS_10,ccagatcagagacagcca
Ccr1_CDS_11,tccagtcgtctttcaact
Ccr1_CDS_12,agcttgcacatggcatca
Ccr1_CDS_16,agtaacagttcgggccct
Ccr1_CDS_17,atactggtgatgatgcca
Ccr1_CDS_18,agctaagatggctagggc
Ccr1_CDS_19,tcccactgggccttaaaa
Ccr1_CDS_20,tgagggctacaggtacgg
Ccr1_CDS_21,cttcaggctcttgtaggg
Ccr1_CDS_22,gcttgaaacctcttccac
Ccr1_CDS_23,gtccaagaaggtttagct
Ccr1_CDS_24,atccctgcatagcagatt
Ccr1_CDS_25,ctgggtcttctgagcaga
Ccr1_CDS_26,atcagacgcacggctttg
Ccr1_CDS_27,tcagattgtagggggtcc
Ccr1_CDS_28,gctcacactgattggtga
Ccr1_CDS_32,ccgttcacccacaaaaac
Ccr1_CDS_33,tgccgaaggtacttccag
Ccr1_CDS_34,ccacatgcctttgaaaca
Ccr1_CDS_35,ccattttgccagtggtat
Ccr1_CDS_36,tccacagagaggaagggc
Ccr1_CDS_37,gaactggtcctttctagt
Ccr1_CDS_39,agaagccagcagagagct
Ccr2_CDS_01,gccgtggatgaactgagg
Ccr2_CDS_02,cccttcatcaagctcttg
Ccr2_CDS_03,gtagtcatacggtgtggt
Ccr2_CDS_04,gcttcacactggttttat
Ccr2_CDS_05,caggatccaagctccaat
Ccr2_CDS_14,gtcctggcttttaaagca
Ccr2_CDS_17,attcctggtagagaggca
Ccr2_CDS_18,ggtgatcatcttgtttgg
Ccr2_CDS_19,ataagggccacaggtgta
Ccr2_CDS_20,attcttccatagttgtgt
Ccr2_CDS_27,cacagttactcattccca
Ccr2_CDS_28,cctggtctaagtgcttgt
Ccr2_CDS_32,tggagagataccttcgga
Ccr2_CDS_33,gacgtttagcaatgtgct
Ccr2_CDS_34,aactgggcactgtttgca
Ccr2_CDS_35,agctcactcgatctgctg
Ccr2_CDS_36,cccagtggaaggagtgaa
Ccr2_CDS_37,tacaacccaaccgagacc
