name,sequence
ZsGreen_neg_stellaris_mask4_01,catccggatctgcattgc
ZsGreen_neg_stellaris_mask4_02,gcatctgacagaacatgc
ZsGreen_neg_stellaris_mask4_03,accgcagcgatgctaaga
ZsGreen_neg_stellaris_mask4_04,gcataagctcacccgtga
ZsGreen_neg_stellaris_mask4_05,ccggactggcacttcatc
ZsGreen_neg_stellaris_mask4_06,gcaaagtctgtgccaaga
ZsGreen_neg_stellaris_mask4_07,cggtgccaattcgacaca
ZsGreen_neg_stellaris_mask4_08,ctgaaggatggtgggcgt
ZsGreen_neg_stellaris_mask4_09,ggggatgtctccatgtac
ZsGreen_neg_stellaris_mask4_10,accagtacctaagcaggg
ZsGreen_neg_stellaris_mask4_11,ataactgggagccatcct
ZsGreen_neg_stellaris_mask4_12,ctgctgatggacctgtga
ZsGreen_neg_stellaris_mask4_13,gcatgtatcatgagtcca
ZsGreen_neg_stellaris_mask4_14,aggatggagcagtttgca
ZsGreen_neg_stellaris_mask4_15,gggacaggtcttttctct
ZsGreen_neg_stellaris_mask4_16,agaactcgtgtcctgctg
ZsGreen_neg_stellaris_mask4_17,tcctcaagacatagctga
ZsGreen_neg_stellaris_mask4_18,tgtcagctgcctttatgt
ZsGreen_neg_stellaris_mask4_19,tgccatttgccgaagaca
ZsGreen_neg_stellaris_mask4_20,gtgtgtggtcgaaggtgg
ZsGreen_neg_stellaris_mask4_21,ggatatccgttcaaaggg
ZsGreen_neg_stellaris_mask4_22,tgatcacgggagagggca
ZsGreen_neg_stellaris_mask4_23,gaagggtgcgtcgatgga
ZsGreen_neg_stellaris_mask4_24,ggctcagtcaaagcacgg